x_tsne,y_tsne,label
-24.951181,9.564893,4
-15.616691,-8.491309,4
-15.505914,-3.483001,4
-29.72714,12.052381,4
-31.9074,-7.6744366,4
11.093463,-22.800785,4
-33.547813,31.784695,4
-3.7606914,9.291003,4
72.28067,8.050409,3
-30.918732,25.269024,4
-4.2328672,7.0679803,4
-19.517696,39.882744,4
70.181465,12.48069,1
-21.177547,5.7917004,4
4.4466667,-3.2503135,4
-41.26199,-4.887845,4
-1.4850613,-31.883148,4
1.549017,-38.124725,4
-34.002323,-36.55519,4
-19.280386,-35.471626,4
-2.7477655,37.021824,4
-3.775524,3.9173806,4
9.076068,-30.268705,4
-26.008984,-14.194873,4
-32.266407,19.66525,4
-9.2339325,-14.640202,4
-0.9855246,-37.757427,4
8.8340225,-18.305845,3
53.550003,10.422207,1
-34.270954,-4.2935953,4
-26.910147,-29.337591,4
-27.503658,-1.3549428,4
-30.647858,20.754824,4
-0.58657336,36.973522,4
9.336819,-20.22159,4
64.46327,18.688179,1
-41.08343,-3.5129933,4
54.553852,7.721046,1
-24.779793,-41.85472,4
-16.604662,-20.52123,4
54.424732,7.900214,1
-34.297623,1.3418475,4
-31.162426,-39.98734,4
-13.146463,12.73666,4
-14.3373785,-12.298456,4
9.049889,22.562065,4
63.13737,19.029305,1
54.85964,7.420862,1
-6.449418,-5.2163844,4
-25.397676,-33.09132,4
-30.89242,22.802454,4
53.797478,9.88121,1
53.65203,10.079867,1
-4.2689247,7.9961357,4
1.4892881,30.656866,4
5.941382,13.724852,4
0.6651739,36.898678,4
-6.319135,30.545158,4
-0.7633838,-15.421124,4
-1.304928,22.109974,4
-13.377838,-6.915017,4
-1.0056869,-17.755552,4
-4.792497,22.253586,4
-35.2579,11.23701,4
-26.448479,23.110338,4
73.849014,-2.9081059,4
-31.25096,14.810223,4
-31.943462,-4.826102,4
-46.319065,-3.4934165,4
-22.835583,-28.403204,4
-0.016880345,22.61059,4
-3.324197,6.765097,4
5.052406,15.556598,4
-46.807602,-5.5774174,4
-33.256107,6.80365,4
-2.8744407,-26.139595,4
60.87174,10.546076,1
51.255463,1.0013314,1
52.208138,2.9052978,1
5.033747,-21.38779,3
-30.011425,7.599916,4
-5.765752,-35.557564,4
-30.679325,3.1506376,4
-37.65681,-8.476426,4
6.4750423,-6.1438146,3
-5.784396,-35.54407,4
2.4143474,-11.766103,4
3.8212721,-20.177366,3
3.4007454,25.981632,4
-1.1501906,-14.217234,4
-16.872978,3.8478994,4
-7.535094,35.81347,4
-0.183748,8.450745,4
-20.307951,-5.6394186,4
-9.6482115,25.555374,4
-13.139903,-27.901796,4
-9.030106,1.8446674,4
67.51664,7.0373316,1
-33.823635,-1.894896,4
9.04989,22.562065,4
-25.079348,-30.84872,4
-36.793713,1.8821746,4
-12.61945,14.666747,4
-14.191797,10.498822,4
-5.0270023,-8.216439,4
-42.4795,-25.189013,4
72.38001,-4.44029,1
-37.512787,-5.0842447,4
4.5874534,-26.58883,4
63.415775,18.332724,1
51.715687,1.7761935,1
-34.14009,24.966993,4
0.20839,10.765403,4
6.3232994,-21.859419,3
-35.57856,-1.204355,4
-6.7624836,29.232578,4
66.97088,3.5667257,1
63.32459,-5.0710173,1
-9.111409,2.869355,4
-31.256315,23.697344,4
-28.268328,-32.528957,4
-37.774387,22.973124,4
-28.10988,-39.647274,4
1.9709227,-31.888397,4
0.31106305,18.323465,4
-29.226307,26.892841,4
-9.620989,-7.4187937,4
-15.714966,20.170382,4
13.641939,-20.205378,4
-22.239315,-8.05818,4
63.70581,-10.818115,1
-3.585319,12.92174,4
52.394432,1.6197758,1
-4.7044344,12.247567,4
5.7302775,26.31758,4
63.466,2.977171,1
-20.127163,0.59006786,4
-0.24412985,18.102179,4
-21.047274,21.097925,4
-12.931155,13.348939,4
-14.186492,-28.058767,4
-6.5001364,10.703053,4
71.653206,-6.7817225,1
-32.69308,21.061007,4
-2.9609916,-16.056963,4
-15.200529,-18.42152,4
62.711987,5.884755,1
-1.4731222,11.670588,4
10.020999,-16.449223,4
-12.877404,-9.833581,4
51.771446,0.93428755,1
24.280699,61.670612,4
49.573853,1.7517287,1
-33.632626,-7.133083,4
50.50368,1.7491845,1
62.76854,1.5735701,1
-14.401207,-5.845054,4
2.6817205,1.6211461,4
-32.18284,19.342566,4
66.25734,-4.804374,1
66.162445,-10.008121,2
-19.603884,40.993935,4
28.211975,60.90244,4
-34.72633,0.457135,4
51.354546,-1.2060695,1
50.533283,3.9771824,1
50.366085,3.4233139,1
7.474984,-17.789715,0
-10.693466,6.1601233,4
-30.182137,-4.2122664,4
-27.087965,-35.016098,4
51.003334,0.43259108,1
-16.12937,29.55113,4
63.30583,19.350449,1
64.00975,1.4115345,4
-24.616352,9.845731,4
52.312218,0.4297853,1
-39.00448,10.775378,4
52.297745,2.236914,1
-4.496105,28.288504,3
-8.775528,-13.282031,4
50.870884,2.98421,1
0.46498245,-27.862295,4
-3.6048126,-14.294619,4
-23.092228,15.026411,4
-12.893181,3.3895302,4
57.735157,2.9436696,1
-36.502823,20.759502,4
0.19648005,-28.941282,4
-4.3774433,11.452126,4
-46.903126,-0.9937038,4
3.8837042,29.898949,4
-28.097162,-35.684494,4
52.085236,-0.19966021,1
-9.240059,34.334194,4
59.806297,-5.444292,1
51.28699,1.5670716,1
-33.08648,-30.847727,4
-27.021297,5.634619,4
50.29763,1.3600715,1
-32.308807,-6.2066703,4
-23.282375,-29.30617,4
-9.6014385,25.515951,4
5.147129,-29.170782,4
-15.490794,5.769501,4
50.591698,2.539604,1
-30.634409,23.932718,4
51.729,-0.75684965,1
-36.74849,-7.1216683,4
-29.756609,-15.701296,4
-23.958473,-33.065594,4
-42.478683,-25.19049,4
-18.778273,-7.850357,4
-1.6372695,26.038416,4
56.653934,-6.539484,1
-1.3310266,-12.00104,4
-2.8508441,-15.429475,4
-33.221092,6.9200373,4
60.9622,1.3279794,1
-19.460573,40.71281,4
51.66987,2.4799724,1
-27.839632,-2.050018,4
-32.343636,18.050194,4
-26.154182,-5.43951,4
-28.278519,-26.477617,4
51.41586,3.0960317,1
-35.854645,30.469057,4
-19.3625,17.203966,4
7.501723,-17.914791,0
-13.713228,4.072486,4
69.856926,-6.209337,1
-35.75769,24.820929,4
51.514053,4.0596824,1
-31.069906,-32.48482,4
-8.97958,-8.06801,4
-30.312723,-26.225422,4
7.38303,16.64902,4
9.094997,-6.100147,3
52.4034,1.0649803,3
-38.878246,3.2432594,4
-28.950811,22.19078,4
6.905079,-15.2911825,0
28.211975,60.90244,3
5.311238,-0.9546324,4
10.8480625,12.061257,0
1.86615,20.09688,4
4.8614907,-22.469322,3
-6.3052654,11.43161,4
-27.414404,12.632977,4
-18.364336,-26.582489,4
50.79995,1.0408199,1
50.053783,2.4183304,1
-20.111979,-30.41581,4
-0.7547252,31.62104,4
11.799426,-27.28803,4
10.450015,-28.775398,4
-35.32733,25.232216,4
50.83434,-0.566734,1
24.280699,61.670612,4
0.6160074,-24.986109,4
-24.796034,-35.932983,4
-33.15119,-24.415821,4
8.979494,-4.0754304,3
10.97823,-15.651527,2
-0.2850727,33.862217,4
51.9359,3.558427,1
-42.044647,-3.3770313,4
4.0989223,16.255852,4
-27.937963,-38.410946,4
-25.543636,12.643698,4
-29.862022,24.319233,4
-2.6358068,0.912467,4
-15.679289,-27.83137,4
8.130228,9.82496,4
-21.103422,-30.400545,4
-1.4947742,8.877034,4
-0.92874336,9.671708,4
50.117153,-0.5032189,1
57.854557,5.326546,1
4.9250965,0.18877837,4
-3.5967753,-43.836258,4
-38.58038,4.3888392,4
50.348328,0.3477603,1
-33.52587,2.8546045,4
49.665695,1.2702404,3
71.56024,-2.2368677,1
50.211178,3.00998,1
-15.3776455,24.936386,4
51.041023,4.472987,1
60.153145,-5.3544383,1
-1.4488173,6.8511667,4
3.1391985,25.702965,4
-15.567867,-25.808289,4
73.849014,-2.9081059,4
-40.0924,-5.271597,4
-3.0286434,13.261192,4
3.467484,-1.5577407,4
-6.520571,30.7559,3
50.588993,4.8863635,1
-2.5447814,33.589546,4
-39.850513,-4.0184484,4
-21.757244,-35.453648,4
-1.5789199,-29.923006,4
-0.67623997,-19.18046,4
5.4743547,0.40915713,4
48.930626,-1.7425123,1
-5.669785,17.290785,4
50.087765,4.36275,1
-40.43844,2.175271,4
-22.624722,25.109018,4
1.5163169,32.97463,4
-2.2993917,-17.580605,4
1.3559883,16.636265,4
72.99972,-6.23224,1
-20.84013,-33.00334,4
49.52538,-2.3670027,1
-45.80162,-8.773404,4
-12.947087,13.249505,4
-41.26199,-4.887844,4
-21.045324,-29.150352,4
11.222114,12.613161,3
1.5926481,18.242767,4
-23.145378,15.305564,4
-36.564987,23.658064,4
50.53417,-1.0450959,1
-6.623286,27.438032,4
51.569134,0.25985673,1
-43.956615,3.233004,4
-3.4928734,13.537122,4
51.13117,2.3605402,1
-30.107782,5.6317544,4
-23.47237,-38.29117,4
-6.3703184,36.372864,4
-20.251457,29.308556,4
4.865878,-21.533905,3
2.1585224,-37.73723,4
7.9910398,-5.9471045,3
-41.393627,-17.988232,4
50.923943,1.9191169,1
-20.720219,-19.522627,4
-22.150759,-36.35124,4
12.6329365,15.387206,4
7.243325,-15.872729,0
50.393356,0.8443371,1
7.825526,-18.016663,0
-22.575886,7.9158063,4
-35.371033,2.72722,4
5.0908275,-3.221964,4
0.47776216,2.6403239,4
-24.467043,-0.7035407,4
49.88633,3.8401933,1
49.275665,4.1959305,1
49.150654,2.6636682,1
-13.776936,-39.463985,4
3.4666986,-2.349774,4
-32.254765,1.866191,4
49.693626,0.63818973,1
53.915287,10.083612,1
49.715424,0.15510993,1
-3.5210152,8.076897,4
51.02333,3.5901446,1
-11.730177,-42.289497,4
2.2664843,26.086363,4
6.955957,-0.21797122,4
-5.981158,33.886906,4
-11.870075,1.5828921,4
-2.2114742,10.033769,4
50.324493,-2.0448503,1
-37.722504,16.192202,4
50.856094,-1.6392694,1
-0.5877661,37.02662,4
51.182507,-0.16134015,1
73.849014,-2.9081059,4
-8.967076,34.87073,4
24.280699,61.670612,4
-37.101765,-7.8110075,4
-15.065617,33.872185,4
1.8829014,-31.64271,4
50.508354,-0.08969379,1
63.9739,19.169558,1
-38.041992,25.73659,4
50.1865,2.0401578,1
-28.427595,5.109872,4
68.39437,-5.8623924,1
-6.6669903,3.4122756,4
0.34952304,-16.41262,4
49.729145,2.8158987,1
-5.2928004,-10.028316,4
-34.899788,21.656027,4
0.43742585,11.178029,4
-4.4021025,10.227944,4
-8.990434,34.67953,4
24.280699,61.670612,4
-6.523818,10.560492,4
-7.0429716,-20.29146,4
-3.115875,7.8313336,4
-6.7368116,-10.089565,4
49.67707,3.303723,1
-8.149262,-8.095351,4
-1.4887578,-19.144655,4
48.768658,-2.287219,1
1.9417031,36.71064,4
49.718266,0.77636397,1
-29.332357,30.579128,4
-11.6117525,-42.34744,4
3.1215215,8.937764,4
-47.287342,-5.5135136,4
-19.397,-1.1665506,4
23.478233,60.120193,4
53.70877,2.5223565,1
4.056507,15.825634,4
-31.16367,18.616795,4
-35.322742,-13.512369,4
49.821014,-1.6874646,3
49.168568,-1.3569009,1
49.63669,-0.0649504,1
-5.5305104,-9.146301,4
-41.347366,-0.29174724,4
49.901295,-1.0681045,1
0.70704705,29.189678,4
3.1197274,28.303238,4
0.3525388,18.642117,4
-1.7286392,-29.579039,4
-25.605038,-26.606142,4
66.82695,-6.75905,1
11.238962,12.418702,3
49.50726,-0.505724,1
-15.019793,6.7373433,4
68.102516,-0.23758833,1
52.38482,-8.360657,1
12.343092,-14.637472,4
0.23628505,-20.07053,4
-11.48526,9.444505,4
-32.45415,10.1803875,4
-30.904867,5.467919,4
-29.465557,20.16801,4
63.415775,18.332724,1
-0.88038164,21.56591,4
56.577564,-10.998888,1
-13.858256,-39.74472,4
-27.378263,-35.18691,4
-4.858326,-14.248343,4
-20.85882,-32.999054,4
-43.706825,-1.7333301,4
4.3219786,-22.61746,3
-17.690784,-20.673357,4
-0.5156103,4.897156,3
4.7194586,0.18936789,4
-29.812517,22.8284,4
-3.3280094,11.21464,4
-3.9993737,6.2411103,4
-13.637697,-5.712022,4
57.136784,-3.3429658,1
57.92041,-4.005153,1
63.70581,-10.818115,1
49.36451,2.2710843,1
-2.2962043,8.123783,4
-49.173252,-2.4742875,4
-6.0830064,-11.604865,4
-11.351102,26.0886,4
-43.641743,-5.1785984,4
-14.943979,34.017384,4
-9.133161,-22.059938,4
6.7592196,-20.28902,0
49.42089,2.126471,1
-9.498868,-30.791851,3
-40.385574,-7.458336,4
24.280699,61.670612,4
-3.1055262,-12.428265,4
4.499821,-0.5793652,4
-13.343555,32.777,4
24.280699,61.670612,4
-42.311714,0.68929535,4
-38.107014,-22.320166,4
-4.1606708,29.777773,4
-0.055592697,-35.835915,4
-3.5781837,7.45369,4
66.73436,8.419707,1
49.37827,3.6047714,1
1.3667034,-29.026243,4
-29.60396,-25.615236,4
-12.460103,0.9249244,4
-20.639725,-19.976664,4
-14.853135,-43.42153,4
50.00806,5.1506248,1
49.351032,-0.8967329,1
49.474102,4.6671314,1
24.280699,61.670612,4
2.9480734,0.7660959,4
-25.0837,-33.10279,4
5.255127,30.258408,4
-6.2991195,36.49724,4
6.063836,31.43246,4
-39.65021,22.53495,4
-41.090736,-1.505142,4
49.608715,1.4416106,1
-5.469473,37.25841,4
-41.87282,-11.9688015,4
-32.001717,-8.222987,4
-27.021265,5.634627,4
7.085207,16.580034,4
10.534632,11.234408,0
-2.6701274,-17.237408,4
-1.2946719,11.016578,4
3.4578562,-22.486612,3
48.241314,-2.502402,1
-10.012964,-25.260046,4
-9.339708,9.437367,4
-2.5315342,36.66236,4
5.086423,1.3006262,4
-5.68535,-3.9801328,4
-17.392572,4.4953256,4
7.142123,-29.485329,4
-38.670715,10.918872,4
-14.579434,24.925144,4
45.709663,4.7956443,0
-11.64334,5.6850715,4
-31.344511,27.086245,4
0.89120346,34.52165,4
50.201405,15.065419,1
-25.209385,10.182773,4
-17.37274,-20.847504,4
5.3190846,17.114973,4
7.43195,-29.201977,4
46.189312,0.80244344,1
-25.01275,-32.576973,4
5.0908647,-3.2264147,4
46.189312,0.80244344,1
46.189312,0.80244344,1
49.397655,5.4300075,1
-7.549643,-5.256864,4
1.5144352,19.90776,4
46.189312,0.80244344,1
-13.386333,7.678312,4
-25.3039,3.6377165,4
-31.898947,30.150127,4
-34.960697,-13.934812,4
-41.937263,9.008417,4
-19.843153,-39.974945,4
57.04457,7.9221597,1
-6.861029,29.104574,4
57.5637,-3.1807756,1
3.2703004,-4.157888,4
-33.002987,-30.86126,4
46.189312,0.80244344,1
-3.979248,-13.286578,4
-23.010159,15.267666,4
2.6253226,-28.23027,4
46.189312,0.80244344,1
-17.778051,1.3423454,4
-16.501133,-25.775484,4
-4.2788215,-15.06373,4
-1.0694792,31.36835,4
-0.8918032,-6.0716047,4
63.9739,19.169558,3
10.240186,-17.487875,3
-24.715048,-33.41238,4
-35.557613,27.504047,4
-4.0768785,12.346199,4
4.747961,-1.553195,4
4.2667074,-5.0639715,0
62.76854,1.5735701,1
-5.981107,7.940428,4
-26.09252,1.4579419,4
62.794228,1.5469676,1
-38.88841,21.381823,4
47.180214,9.6209,3
-10.348443,-25.373507,4
-35.624603,-3.1726387,4
48.886383,3.159904,1
3.1385329,8.955632,4
46.189312,0.80244344,1
-27.947994,21.852705,4
-5.487441,-17.92017,4
-0.08432487,-28.135664,4
-28.991608,5.8668394,4
69.73525,1.9824528,1
-29.342117,-6.5551805,4
4.5322304,-31.728468,4
-45.49248,-5.096849,4
-22.036238,-23.528116,4
-11.743717,-5.650905,4
13.1213255,11.202198,4
-3.2099283,33.178547,3
-1.8066131,-13.414386,4
48.994965,2.9089046,1
48.862743,4.116368,1
10.595522,2.621024,4
-36.486908,-8.763303,4
-10.688086,-7.0742936,4
-15.739603,-29.965357,4
-9.730966,-30.790377,4
66.15015,-2.333111,1
-36.357964,24.81929,4
47.163273,5.526967,1
-8.883781,-12.0081215,4
2.662846,33.839954,4
9.912317,-14.880571,4
-22.066198,-24.788738,4
46.699467,4.5066023,1
-5.307224,-36.74449,4
-9.734341,5.2503896,4
-10.659722,27.18349,4
46.189312,0.80244344,1
48.140633,3.8125513,1
-26.222921,-41.972,4
-37.924538,-2.051703,4
4.510226,26.200377,4
-46.61389,-5.22437,4
-20.664997,-20.674253,4
-34.156242,26.264612,4
-4.183702,29.502316,4
-9.169811,-9.380215,4
-19.272402,-30.532043,4
-30.351856,-5.8715863,4
52.72806,-4.7422786,1
2.2569294,21.762892,4
-27.580076,3.829055,4
55.842556,-11.255123,1
1.9794354,-27.683956,4
-34.70236,-4.347107,4
-37.55692,25.699028,4
-4.4904575,15.286901,4
45.12005,4.532588,1
4.9232945,-29.217655,4
3.0620942,-17.27468,4
47.154224,4.3143964,1
57.509163,-1.5720351,1
0.80869365,-39.46356,3
-35.432438,22.778893,4
53.997242,-2.8614213,1
10.587218,2.347166,4
-13.516054,6.236195,4
-6.1855097,-4.7899203,4
-19.474684,39.637497,4
-28.7432,-37.287037,4
11.922504,-16.872557,0
-8.0799675,-24.235252,4
46.24374,4.5274005,1
66.15015,-2.333111,1
-40.73364,-6.0248685,4
-37.02827,30.534986,4
-44.541546,-1.6972177,4
-22.26587,2.8542113,4
10.07335,11.081324,0
-23.377043,13.051333,4
-1.0572343,-34.719917,4
-0.15553956,-16.479166,4
-24.853834,-33.927998,4
60.87174,10.546076,1
-35.890133,-4.335244,4
-14.367275,0.58807087,4
-42.288868,8.477991,4
-21.40882,-13.984513,4
-26.710875,-5.0760865,4
-14.517382,3.4697998,4
4.1664343,-26.779202,4
-2.3494947,8.283514,4
-33.77518,31.505346,4
4.697152,-2.1409461,4
46.446228,5.2845335,1
4.19078,23.405222,4
9.620614,14.447391,4
-13.452755,12.107206,4
-11.733437,-42.287148,4
-20.165152,40.826378,4
1.9472333,-37.671623,4
-3.3864806,32.77781,0
-21.154629,4.387385,4
-23.158333,-24.849344,4
-24.201534,-25.206507,4
-8.023931,38.608437,4
-29.22568,-33.957905,4
47.97454,5.6369743,1
3.4947438,-30.367792,4
-22.069847,4.288107,4
4.667775,-22.931623,3
-2.658145,8.979009,4
10.588702,2.3391006,4
-28.587204,-21.364689,4
5.783374,13.800965,4
-10.895169,2.8476448,4
-5.367112,-36.184776,4
-0.4051102,13.272267,4
-28.860956,3.9437516,4
-32.73799,20.789072,4
5.7517085,31.044716,4
0.060554,30.366732,4
-27.089823,-32.42572,4
2.664054,32.739765,4
50.298794,8.462268,1
-31.683027,-21.612352,4
-9.634886,25.547998,4
24.280699,61.670612,4
-4.1059446,39.2034,4
65.09505,-10.494818,1
-16.832542,-11.782633,4
-35.785336,23.407795,4
47.363037,5.019707,0
-2.0604415,14.134521,4
-9.048618,-9.348041,4
2.0504358,35.111782,4
-11.028746,6.4326243,4
69.408554,3.4147575,1
-15.838951,-31.14832,4
3.2678342,-3.839647,4
47.99774,4.908394,1
2.0319798,-23.570911,0
52.77873,6.3232365,1
-42.4926,-4.575336,4
-16.456001,2.5949686,4
-4.341261,13.52155,4
-31.291336,-40.357704,4
62.247158,-4.2915573,1
-33.68907,31.639196,4
60.09092,7.6290784,1
5.9006147,19.654642,4
7.1481776,-25.270525,4
65.09546,17.273327,1
-19.26369,16.481218,4
49.298668,9.718766,1
-36.069378,2.3089128,4
-12.236397,-5.000366,4
-16.812054,-11.803431,4
-27.277256,-33.162384,4
-38.407097,-5.2633615,4
28.211975,60.90244,3
9.372555,12.68118,4
48.388187,3.597495,1
2.9748392,35.32756,4
54.581875,-0.88006985,1
51.74468,7.6949677,3
-26.66569,-31.587112,4
-1.4739573,16.36224,4
54.076004,5.2962413,1
-30.438927,-2.1826844,4
8.95923,12.839772,4
64.57462,-7.4104958,1
73.87855,-2.4143627,4
-32.031292,-21.277367,4
-3.4112866,-43.555542,4
-29.128742,-30.549278,4
-25.14771,-15.68385,4
-38.050632,23.016874,4
-11.617855,33.55682,4
47.898827,4.0522866,1
54.645607,4.004332,3
-41.082264,22.292526,4
-28.950457,-34.336563,4
7.7397656,-5.1875215,3
47.506596,4.1782575,1
48.666496,5.5538807,1
24.280699,61.670612,4
-27.305075,3.9989896,4
8.710203,-13.413492,4
48.385326,4.5342507,1
2.891436,14.489022,4
-26.415642,-34.104424,4
0.9016575,-2.985587,4
48.773197,4.930689,3
48.66432,3.42022,1
-1.978852,13.197358,4
-47.285816,-0.6482886,4
24.280699,61.670612,4
0.79646903,-39.464775,3
9.912511,-16.387577,4
4.3132644,17.060238,0
-44.571945,-7.841057,4
1.084405,-15.012975,4
60.87174,10.546076,1
-25.572113,-14.819512,4
-36.151283,-19.3536,4
46.189312,0.80244344,1
64.80148,4.7131834,1
70.55085,-5.675157,1
-18.192669,6.248676,4
46.189312,0.80244344,1
-32.601334,-7.76882,4
-38.858303,17.492598,4
7.882992,-26.638985,4
-37.269417,30.852585,4
56.652596,-6.539454,1
-42.097164,-25.75702,4
10.219266,10.621515,0
-4.0275455,-16.723522,4
-5.975804,33.904903,4
59.806297,-5.444292,1
4.0891576,-21.801016,3
-17.11144,-16.139673,4
56.118362,3.741732,1
-33.5832,-36.802334,4
-8.706402,37.266388,4
-26.018639,23.68227,4
69.07176,2.382417,1
46.189312,0.80244344,1
3.5627856,16.742525,4
69.82893,-7.2482586,1
-8.980103,8.268021,4
0.21377529,14.476963,4
-0.03498672,5.501556,3
62.794228,1.5469676,1
-5.514384,-9.134627,4
-0.41665092,-34.681072,4
1.8256325,-32.08102,4
-30.904135,5.4679713,4
1.0676833,36.816673,4
-16.583786,-22.902313,4
-5.649744,17.300377,4
-47.091225,-3.6298094,4
-20.85471,-33.039337,4
-35.56674,27.926321,4
10.225695,9.915739,0
-13.247947,-8.249734,4
11.223382,10.960914,2
-44.473423,-2.03203,4
9.483192,-5.4077506,3
-14.457299,-42.868984,4
-38.639572,4.268494,4
46.189312,0.80244344,1
-40.375614,27.784184,4
-8.322386,-6.6010222,4
46.189312,0.80244344,1
8.922971,-3.5114932,3
46.189312,0.80244344,1
-9.175738,34.952282,4
1.7573766,-29.011093,4
46.189312,0.80244344,1
-30.79109,2.9703724,4
46.189312,0.80244344,1
1.6033365,18.213974,4
-36.95744,-2.070305,4
-1.6689848,25.75195,4
70.9393,-4.9379635,1
46.189312,0.80244344,1
-25.664557,-37.357853,4
-2.5859673,33.48641,4
-32.979916,-3.4308255,4
-17.69784,-9.074145,4
3.357793,17.330229,4
46.189312,0.80244344,4
-14.172693,-25.823236,4
46.189312,0.80244344,1
11.620409,-28.229462,4
7.378222,-18.330103,0
-18.601883,2.4868917,4
-5.3977995,-30.199242,4
9.732243,-1.7234876,3
-33.60149,-8.644792,4
-8.122846,-24.312954,4
-31.697681,24.397255,4
-2.4151027,33.70446,4
4.0727,-14.982909,4
3.1385329,8.955632,4
-42.95858,-2.1940248,4
0.8201152,31.780016,4
46.189312,0.80244344,1
-5.717436,11.478778,4
-2.8080316,-18.269754,4
-16.364878,1.652023,4
-14.8426075,34.60306,4
-31.098232,-24.311472,4
73.849014,-2.9081059,4
65.69235,1.1931599,1
46.189312,0.80244344,3
-3.540015,-14.931802,4
-6.171743,-5.144826,4
-6.225614,-13.138112,4
-0.6905098,37.202393,4
46.189312,0.80244344,1
-29.170507,27.315508,4
1.35596,16.636242,4
-2.4350064,-31.959639,4
-35.54581,-5.17014,4
3.4789305,31.364109,4
64.610756,-3.7479632,1
46.189312,0.80244344,1
-31.232033,-34.21909,4
46.189312,0.80244344,1
-32.11531,23.164297,4
46.189312,0.80244344,1
1.6012748,-38.0988,4
-0.9669013,22.238003,4
46.189312,0.80244344,1
65.11307,3.5249236,1
2.5643148,18.009283,4
-33.546074,22.116749,4
9.037511,-17.496155,0
-17.80339,-4.783198,4
-30.988863,-39.655666,4
-3.332559,18.741198,4
46.189312,0.80244344,1
28.211975,60.90244,4
-27.193636,32.81169,4
46.189312,0.80244344,1
-4.732003,22.477362,4
46.189312,0.80244344,1
46.189312,0.80244344,1
-8.364112,-24.479269,4
46.189312,0.80244344,1
-38.554634,25.715277,4
-41.937263,9.008417,4
1.1865991,-18.649164,4
-3.800299,27.583025,3
46.189312,0.80244344,1
-42.955666,-5.1723533,4
73.87855,-2.4143627,4
-32.985973,1.3994501,4
12.025274,-10.574924,4
-15.870541,-30.8253,4
46.189312,0.80244344,1
-41.198147,22.329187,4
46.189312,0.80244344,1
-1.7130525,34.43558,4
-38.950165,-6.4598575,4
-30.040289,0.20104444,4
55.18448,1.8433642,1
-31.251114,14.810334,4
-2.5215085,27.750813,0
-10.784861,26.270914,4
-33.9024,-3.9861717,4
-13.108833,-0.51089305,4
0.99297,-17.149187,4
46.189312,0.80244344,1
-23.476284,-38.28168,4
-18.126377,-22.032837,4
-3.6766906,26.965584,3
10.646027,1.4893036,4
-34.45806,20.585958,4
46.189312,0.80244344,1
-32.45611,10.180449,4
-19.725874,1.2573512,4
-28.90768,-22.832338,4
62.377846,3.4586613,1
-13.339071,-3.5063689,4
-34.86301,23.123888,4
-26.910143,-29.337633,4
2.921236,-30.033855,4
-13.428659,-41.2897,4
-37.859734,-11.3566885,4
1.2714345,-17.209438,4
-35.14036,4.4796095,4
-16.139473,19.956,4
61.36323,1.3883157,1
-1.475429,-16.184216,4
46.189312,0.80244344,1
-16.834547,-11.778213,4
-2.9771316,-9.420284,4
46.189312,0.80244344,1
-4.137531,12.712959,4
46.189312,0.80244344,1
9.723672,17.87801,4
46.189312,0.80244344,1
-38.932747,19.855558,4
24.280699,61.670612,4
57.250927,8.026301,1
46.189312,0.80244344,1
-22.160616,-36.022434,4
3.448258,0.2036866,4
-23.32307,-21.990149,4
-25.214504,9.833458,4
3.9425602,-32.432354,4
58.1891,2.154341,1
-42.118313,22.494884,4
46.189312,0.80244344,1
46.189312,0.80244344,1
46.189312,0.80244344,1
-46.767998,-8.723944,4
-29.302454,30.258442,4
-10.662438,5.711121,4
24.280699,61.670612,4
-18.29992,-2.816674,4
2.1179824,-37.638283,4
46.189312,0.80244344,3
9.657502,-29.044773,4
-4.6068463,5.4168696,4
-3.2335906,9.586419,4
-25.12679,27.597168,4
-27.791576,24.826403,4
-1.3047742,-14.100923,4
-41.813713,1.5467438,4
-22.650173,-23.772177,4
5.7842727,-22.462032,3
-27.56821,2.6059096,4
63.415775,18.332724,1
3.4361084,-22.328693,3
50.201405,15.065419,1
-36.230354,0.90857404,4
-33.72965,-2.3543828,4
-7.519187,-19.544127,4
-9.143401,34.019073,4
-26.467592,-33.987576,4
-14.559132,5.61552,4
46.189312,0.80244344,1
46.189312,0.80244344,1
46.189312,0.80244344,1
8.838386,-5.598373,3
-32.335873,-24.6894,4
57.59484,5.647502,1
46.189312,0.80244344,3
2.8882277,27.27145,4
46.189312,0.80244344,1
59.506386,10.814024,4
-8.295082,-9.597492,4
-1.5718797,17.073519,4
-31.287699,-38.137024,4
0.27495342,-8.984001,4
-43.216755,-5.9281273,4
46.189312,0.80244344,1
-37.154354,2.6324809,4
10.466777,8.438175,0
1.9710087,-31.888597,4
5.01934,-19.980124,4
-6.3229413,-10.284971,4
-23.319576,10.805188,4
-30.615685,21.71104,4
-32.47797,-6.37055,4
0.07678553,-17.15561,4
56.676132,12.011109,1
-26.138275,21.174898,4
2.548432,24.36982,4
-9.626539,-7.4159317,4
28.211975,60.90244,3
-8.678922,-24.488043,4
2.1930516,-37.621517,4
-28.554201,-34.31188,4
-8.907817,14.100999,4
-10.687941,-13.035624,4
-29.535194,-25.564844,4
28.211975,60.90244,3
-29.410889,-24.346607,4
11.2739,-17.020523,3
-2.331382,-2.018524,4
6.7189217,-0.7183182,4
-22.706615,-26.781942,4
2.134448,-23.235088,4
-22.4917,4.753985,4
46.189312,0.80244344,1
-28.982584,5.4067235,4
7.283516,-25.07693,4
-2.7753136,10.313643,4
-35.69453,30.755571,4
-30.161541,-33.350918,4
-9.397332,34.634083,4
-2.7425544,-7.471585,4
-33.78774,28.263601,4
1.9983641,-37.84937,4
60.10891,-0.049209133,1
-33.118153,-1.1182916,4
61.290504,7.920343,1
62.636883,2.8502488,1
-23.519844,-29.328564,4
-12.123582,-5.528591,4
46.189312,0.80244344,1
46.189312,0.80244344,1
-32.206406,-9.283472,4
-32.356045,3.0682292,4
46.189312,0.80244344,1
-19.342844,17.04561,4
-6.4547873,36.29616,4
64.46985,8.076928,1
4.338829,22.870625,4
-5.0281477,26.529863,3
46.189312,0.80244344,1
-4.2780643,26.599298,3
-20.836178,8.125048,4
46.189312,0.80244344,3
-28.123129,16.559841,4
1.751334,26.743103,4
-37.702564,-6.5221095,4
4.29974,29.25349,4
46.189312,0.80244344,1
-32.697227,23.733149,4
62.25888,-6.7203283,1
-13.819544,-39.27582,4
24.280699,61.670612,4
1.2029508,-17.619963,4
-43.25392,22.793608,4
60.93825,-2.5837076,1
-4.806971,8.553315,4
46.189312,0.80244344,1
-10.31137,-29.68548,4
-8.843699,-3.3282375,4
46.189312,0.80244344,1
-25.390255,-39.67556,4
-10.747536,-14.550511,4
46.189312,0.80244344,4
-0.4348976,21.580162,4
-37.52553,-6.658458,4
50.201405,15.065419,1
-29.335642,-18.96559,4
-16.819708,32.282864,4
0.19910544,-14.401503,4
58.08827,1.644161,1
-16.07944,5.481867,4
2.6031833,-5.3911037,4
-21.782356,-30.356987,4
-3.5917861,26.966043,3
12.078717,9.727212,4
46.189312,0.80244344,1
0.32634547,-30.977806,4
-3.000884,29.50338,4
-16.956945,3.563093,4
-15.537715,-25.795382,4
7.707776,16.784554,4
-6.9500923,6.4032702,4
-38.6832,10.916274,4
5.5630684,-21.836739,3
46.189312,0.80244344,1
-5.788272,-35.543762,4
-24.020346,-1.1676078,4
-25.041021,-20.852512,4
24.280699,61.670612,4
-20.605923,-15.305048,1
-4.0515766,26.226526,3
1.951436,-18.496887,4
46.189312,0.80244344,1
-26.417418,-33.74822,4
46.189312,0.80244344,1
46.189312,0.80244344,1
-42.808258,-1.0785563,4
-23.977823,-26.06332,4
-2.446889,-15.417941,4
-13.886473,11.620747,4
-13.8955765,-28.908857,4
3.9099922,0.005059781,4
64.18078,-3.2255673,1
61.916477,-0.023303458,1
4.2810254,-30.583508,4
-46.321247,1.5907612,4
-2.2541215,-30.260057,4
-29.10117,-8.959473,4
-24.50486,2.816634,4
-33.721367,16.075422,4
-0.24927562,-27.315435,4
-8.631163,36.95278,4
28.784166,61.98073,4
-25.044596,8.418833,4
-27.367111,-1.0979018,4
46.189312,0.80244344,1
-30.872177,-7.3974276,4
5.465961,15.124925,4
-27.284101,-37.63707,4
-8.105755,-23.452559,4
-20.052944,21.729502,4
-4.7557178,22.199461,4
2.8690953,34.41671,4
-7.5103717,-47.04815,4
-5.4509583,-36.00127,4
-24.373632,16.928217,4
11.25092,12.73534,3
3.4745233,-3.3301942,4
3.496835,-31.812307,4
-11.60382,-7.7497,4
-33.126747,0.57259333,4
-23.098019,-30.349335,4
6.5822234,22.68343,4
5.0678563,-4.434554,4
1.9136366,20.15194,4
-0.09583528,10.779232,4
46.189312,0.80244344,1
61.79306,-0.41747078,1
0.8465677,-39.210938,4
-19.23028,16.31847,4
2.7012556,28.356367,4
-33.237324,-17.16256,4
-16.025896,-18.003342,4
-33.05532,23.770615,4
-36.63908,31.497452,4
-4.178819,29.529123,4
-0.01153733,19.448503,4
5.111681,0.7602133,4
-36.712387,22.330414,4
-20.523829,37.21802,4
46.189312,0.80244344,1
-42.63237,-9.587504,4
46.189312,0.80244344,1
-12.543361,-14.016779,4
24.280699,61.670612,4
-15.096089,5.1187067,4
-22.817738,3.0870857,4
-4.1589117,26.675932,3
-6.884231,-25.892857,4
-25.812704,-37.35258,4
-1.8481328,10.66934,4
46.189312,0.80244344,1
-6.8249917,-34.901024,4
-33.24055,-17.17293,4
-5.4357657,-30.04125,4
46.189312,0.80244344,1
46.189312,0.80244344,1
-25.2521,-15.807268,4
-43.372795,-7.8023386,4
8.052966,-19.523855,4
-1.0827073,33.16444,4
4.4352255,-26.677473,4
-39.277885,-8.808827,4
-34.666653,-1.7459515,4
2.111015,25.364344,4
-40.72914,32.834476,4
-4.578929,5.4163127,4
-10.85268,6.727957,4
-32.91503,-3.0337403,4
-32.466484,26.140467,4
-18.019796,-6.0386643,4
3.924985,-3.8750057,4
-5.5233984,12.229245,4
10.416101,-28.81557,4
-6.8608384,29.105412,4
46.189312,0.80244344,4
46.189312,0.80244344,1
-32.31687,-38.322758,4
-31.840006,-38.78811,4
46.189312,0.80244344,1
-27.688856,15.676115,4
-1.914856,13.09649,4
-26.519215,11.008874,4
-34.038155,-27.318935,4
-8.88023,-16.017614,4
1.8978964,-29.583832,4
46.189312,0.80244344,1
-6.769734,-5.887495,4
6.4198937,-20.344759,0
-22.131876,-8.627559,4
-15.734147,0.8046902,4
5.237607,0.6108865,4
69.68104,-7.659167,1
-2.3847213,11.400818,4
-29.946297,3.9778132,4
46.189312,0.80244344,1
-26.97915,-35.816574,4
-25.954891,-25.041906,4
46.189312,0.80244344,1
46.189312,0.80244344,1
-32.43431,20.490076,4
-12.350106,31.461147,4
46.189312,0.80244344,1
-10.675574,6.278086,4
-19.541317,3.5114284,4
-38.916157,20.54786,4
-6.814072,29.186619,4
-4.191364,6.5278153,4
4.5303183,28.144375,4
46.189312,0.80244344,1
-32.61433,-41.104744,4
-5.6410766,-15.190857,4
-2.990398,12.091772,4
-23.710825,-28.766644,4
5.0138693,24.462576,4
-37.89428,0.93672293,4
-38.709393,17.681486,4
46.189312,0.80244344,1
46.189312,0.80244344,3
7.025933,-23.12397,3
46.189312,0.80244344,1
6.730085,-23.176104,3
46.189312,0.80244344,1
9.290209,-4.8328767,3
-28.211943,7.0847306,4
46.189312,0.80244344,1
24.280699,61.670612,4
-29.772417,3.4931948,4
3.0569043,22.415384,4
63.415775,18.332724,1
62.76854,1.5735701,1
46.189312,0.80244344,1
7.1130686,-4.436197,3
-19.474684,39.637497,4
-22.993568,15.220138,4
-38.318565,-4.854615,4
-2.9885519,-14.540251,4
-3.5011568,-21.05679,4
63.76159,-0.43568194,1
2.0583124,30.932274,4
-42.235687,-6.2338915,4
-12.053622,-8.918724,4
-1.1015577,21.213018,4
-4.914629,-13.312232,4
-6.241433,36.56566,4
6.72233,2.392186,4
46.189312,0.80244344,1
-5.5119195,28.985449,4
-7.8263383,15.236515,4
-33.72422,-3.5261283,4
46.189312,0.80244344,1
-33.611107,24.46679,4
-17.799637,-8.725943,4
-29.483438,-22.554047,4
-38.079235,1.8129089,4
-2.2318907,28.279228,2
46.189312,0.80244344,1
-14.357089,7.74248,4
28.211975,60.90244,4
-20.722305,36.576694,4
-21.620085,-28.56833,4
-5.347044,-10.006875,4
1.6760926,30.771498,4
-15.065452,33.85121,4
11.101582,-15.584772,2
-26.01995,-25.817137,4
-18.531445,-31.933819,4
-5.1684036,14.230935,4
3.8785434,32.633503,4
46.189312,0.80244344,1
4.173406,23.481693,4
4.8153787,-22.826632,3
46.189312,0.80244344,1
72.30752,-4.9826617,1
46.189312,0.80244344,1
-36.713913,28.496286,4
-0.4506057,10.971053,4
-36.83053,-0.76685435,4
-32.411896,-40.95192,4
-41.32645,-5.288059,4
-2.146602,-13.918517,4
-33.750404,28.22314,4
46.189312,0.80244344,1
-12.25109,4.0335927,4
46.189312,0.80244344,1
-25.767715,27.052382,4
7.378271,-25.998201,4
-9.00684,34.49529,4
-19.369333,-24.96089,4
46.189312,0.80244344,1
11.138134,-17.424505,3
46.189312,0.80244344,1
0.59486884,31.97498,4
-13.830442,-39.368267,4
7.562979,-17.53041,0
-24.83022,5.7134995,4
64.95608,4.2786007,1
73.849014,-2.9081059,4
46.189312,0.80244344,1
-7.245815,-34.698105,4
55.423527,-11.461305,1
-39.888775,0.65448856,4
46.189312,0.80244344,3
-20.420458,8.768252,4
-32.44941,20.129385,4
46.189312,0.80244344,1
57.494884,-3.1611562,1
-14.517628,-42.964535,4
46.189312,0.80244344,1
-42.479702,22.574863,4
-14.014638,-23.96174,4
-33.195396,-10.389148,4
1.2806767,-33.24035,4
-25.134571,-20.674597,4
71.766685,-6.7312613,1
-34.3591,20.599617,4
-14.848528,35.14005,4
-36.526093,-1.9332502,4
-10.687941,-13.035624,4
46.189312,0.80244344,1
-17.345427,7.790076,4
-41.935337,-3.3747966,4
-15.545973,3.9013908,4
46.189312,0.80244344,1
9.698539,-2.8539705,3
-25.6111,-9.901684,4
46.189312,0.80244344,1
-32.51971,4.50842,4
9.286056,-2.7165132,3
-12.0080385,-8.898131,4
-36.445396,3.3222036,4
68.1871,0.89515436,1
-20.556717,-15.189854,1
-34.017628,30.937721,4
46.189312,0.80244344,1
6.1718054,-20.725569,2
-1.4775184,15.663501,4
5.6940656,-39.36497,4
-36.70783,26.689775,4
46.189312,0.80244344,1
3.0579321,26.913979,4
46.189312,0.80244344,1
-12.643012,7.0464907,4
13.643256,-20.217121,4
1.3744788,-16.211058,4
4.530474,-25.465511,4
46.189312,0.80244344,1
-31.906431,14.323866,4
-23.823051,-22.245499,4
-4.4303007,-28.68035,4
-6.416626,36.31224,4
46.189312,0.80244344,1
-2.8446407,28.862516,4
-4.392029,38.6268,4
-11.532317,9.085617,4
66.80093,3.4103694,1
-36.155556,-19.34568,4
46.189312,0.80244344,1
0.82023466,31.784203,4
-25.466377,-23.765657,4
-29.088688,20.954987,4
59.013123,2.179941,1
-29.671335,-6.454566,4
9.125154,-16.066082,4
46.189312,0.80244344,1
-24.012115,-31.87805,4
0.5897573,11.27271,4
46.189312,0.80244344,3
-19.702614,3.831296,4
60.721333,-2.449212,1
-28.724945,2.3030608,4
10.0310755,-19.999985,4
5.7277884,-8.168691,4
46.189312,0.80244344,1
-40.28948,-8.68984,4
-3.819756,27.68726,3
-46.767998,-8.723944,4
11.09344,-22.800694,4
-6.885024,-21.063494,4
67.29086,-5.7716813,1
66.75597,-3.695469,1
1.0510703,-26.452686,4
-21.787569,-29.789255,4
1.81655,26.940517,4
-34.16467,1.8214427,4
46.189312,0.80244344,1
-11.537916,-31.042109,4
-38.73274,17.814337,4
-33.923435,-36.593414,4
46.189312,0.80244344,4
-30.645382,-6.817012,4
6.538329,-21.941637,3
-38.738937,-7.3063755,4
3.641311,-4.8525405,4
-29.34849,-22.499065,4
-19.30945,-35.459393,4
-2.2052457,10.7222805,4
69.13526,-4.28661,1
-16.941267,-16.385454,4
27.736784,59.639675,2
-41.853718,9.109025,4
9.321077,15.404338,4
46.189312,0.80244344,1
28.211975,60.90244,3
-30.919458,-8.014392,4
-8.412109,32.148914,4
-25.897793,-5.68354,4
-0.7448712,19.043783,4
46.189312,0.80244344,1
46.189312,0.80244344,1
59.81973,-9.36814,1
-41.507343,27.055449,4
72.657196,-3.2413163,4
-32.415375,-37.846886,4
0.84065497,-39.445663,3
3.8092937,-1.7754899,4
55.842556,-11.255123,1
9.212926,-5.224107,3
0.32646254,-8.956436,4
-15.419684,-4.7578335,4
-10.212706,-42.988804,4
59.46729,-9.409991,1
-5.4458246,30.159052,4
-34.901295,6.1913776,4
-49.173492,-2.4743354,4
-27.571316,-25.458136,4
-24.900553,-29.53699,4
46.189312,0.80244344,1
46.189312,0.80244344,1
46.189312,0.80244344,1
-10.251955,7.4889245,4
4.2961197,15.341673,4
6.2465773,-1.8376752,4
-22.632002,25.110106,4
3.3632565,-1.1487654,4
46.189312,0.80244344,1
-3.7678337,-23.82211,4
46.189312,0.80244344,3
46.189312,0.80244344,1
0.99237144,-29.2456,4
-1.8811734,29.652018,2
57.837784,5.3742433,1
-21.73133,-28.652998,4
46.189312,0.80244344,1
-2.9116924,-42.70628,4
-15.226885,33.624165,4
-34.3928,4.8115315,4
8.413755,12.7144,4
-28.548344,-37.850563,4
2.9232287,-37.49254,4
-28.975327,3.1310635,4
64.08079,18.145798,1
57.610725,-2.0891945,1
-8.27565,-16.656036,4
9.6007185,17.655603,4
46.189312,0.80244344,1
-1.9779445,36.347668,4
-8.064374,14.086757,4
46.189312,0.80244344,1
-25.506159,-35.312546,4
-6.6670113,3.412303,4
1.1059185,11.579717,4
63.415775,18.332724,4
-13.8343115,5.683799,4
-20.633402,-15.133705,1
-33.66389,22.880005,4
24.280699,61.670612,4
5.218116,28.174965,4
73.849014,-2.9081059,4
46.189312,0.80244344,1
-26.916824,-29.073616,4
24.280699,61.670612,4
66.162445,-10.008121,1
-33.567757,-4.3135214,4
10.506324,-17.230158,3
8.897927,-14.763369,4
46.189312,0.80244344,1
-2.3847613,16.773224,4
-41.932236,26.995049,4
-8.856214,13.882552,4
64.567444,-2.1922085,1
46.189312,0.80244344,1
46.189312,0.80244344,1
4.16028,-1.3030181,4
68.58919,2.5782094,1
-32.0646,24.797491,4
-19.28143,-35.478905,4
-30.198051,7.7498765,4
46.189312,0.80244344,1
-36.961254,31.301592,4
-26.582348,-23.369919,4
-31.964144,-30.970814,4
-7.316946,-15.902844,4
46.189312,0.80244344,1
-33.23685,-17.164328,4
66.421646,0.5927411,1
-13.565642,4.5789633,4
-37.914314,-12.058312,4
46.189312,0.80244344,1
-27.064283,-32.849552,4
-2.4625862,15.790695,4
-9.531524,5.274269,4
-28.34712,-2.5186887,4
-27.041586,-21.301981,4
-20.692053,36.67974,4
5.693601,-39.368343,4
-12.191465,0.8021359,4
-30.460457,22.347782,4
24.280699,61.670612,4
-29.775928,6.505067,4
66.57943,-10.182571,1
63.9739,19.169558,1
56.575523,0.12108767,1
3.989946,-2.9678147,4
69.39013,-4.4461455,3
-9.330822,9.331034,4
8.386303,-5.521763,3
-43.316498,-2.2843552,4
11.093467,-22.80079,4
73.849014,-2.9081059,4
46.189312,0.80244344,3
-6.740388,-11.517163,4
-0.8576227,-22.684574,4
-3.4906695,-21.066113,4
-7.312592,14.711432,4
46.189312,0.80244344,1
-34.668045,-0.44397292,4
-16.410957,5.583454,4
-19.741522,-24.604656,4
46.189312,0.80244344,1
-2.299401,-17.580599,4
46.189312,0.80244344,1
46.189312,0.80244344,1
46.189312,0.80244344,1
-25.864254,0.9619931,4
-39.500538,3.4938111,4
-19.702618,3.8312974,4
-17.368196,-23.555578,4
-36.71227,30.744211,4
5.2341695,-1.2146798,4
9.273594,12.131914,4
28.211975,60.90244,0
0.047195647,24.73369,4
9.940981,9.345437,0
50.34005,15.26633,1
8.314112,-25.654089,4
-16.17238,-28.310507,4
-3.6949975,-23.910553,4
-27.979567,-23.009457,4
-15.653927,25.480839,4
65.92247,8.525117,1
-41.12621,22.330172,4
-15.22738,-17.444912,4
60.87223,10.545432,1
46.189312,0.80244344,3
9.94245,7.627504,4
-24.376223,-34.649426,4
-33.540565,16.527021,4
-9.378619,-14.19925,4
46.189312,0.80244344,1
-23.787489,-29.234594,4
-4.853027,6.8495965,4
-12.71195,-6.2233644,4
46.189312,0.80244344,3
12.032462,-10.612696,4
-30.994974,-24.460997,4
-7.872651,31.703709,4
11.716579,9.296342,4
60.71996,3.4988189,1
-19.84495,-39.977356,4
-22.926174,15.243067,4
-13.936977,-28.055677,4
-32.231068,27.133532,4
61.734097,-2.8960402,1
-29.003145,-19.303202,4
-7.4893446,-47.04968,4
24.280699,61.670612,4
46.189312,0.80244344,1
0.4798412,16.989893,4
46.189312,0.80244344,1
-20.251114,29.312094,4
46.189312,0.80244344,3
-40.061695,-2.1494572,4
-13.200156,-6.1135774,4
-26.091208,-22.003132,4
46.189312,0.80244344,1
-19.232155,-28.604834,4
46.189312,0.80244344,0
46.189312,0.80244344,1
0.9772215,26.1845,4
-32.031113,29.784706,4
60.799416,8.065449,1
46.189312,0.80244344,1
-19.489372,-5.3355255,4
-41.316254,-6.023193,4
73.31394,-2.4156177,4
-17.868832,-20.801321,4
28.211975,60.90244,4
-35.638554,24.051342,4
0.012419408,28.519863,4
-1.4841813,16.348753,4
-11.32538,4.475915,4
7.497327,-19.079346,2
65.52246,3.3406494,1
63.269707,-0.7273792,1
-15.295783,-24.24516,4
-35.913395,26.428946,4
-5.514384,-9.134627,4
28.211975,60.90244,3
24.280699,61.670612,4
66.41685,-5.233937,1
-32.27947,22.213018,4
2.1736538,-20.29962,4
-31.80926,-2.1735547,4
46.189312,0.80244344,1
69.07176,2.382417,1
-18.84033,26.171988,4
-13.776128,-4.7056975,4
-39.897648,-6.2108707,4
46.189312,0.80244344,1
-0.045957495,-13.098535,4
62.76658,14.475558,1
-14.222621,4.2233143,4
1.1361364,33.41377,4
67.52156,7.0453534,1
-3.283555,-43.33723,4
0.04314123,-16.845098,4
46.189312,0.80244344,1
-31.166767,22.190838,4
-34.49314,25.337845,4
-17.473774,-23.542185,4
46.189312,0.80244344,1
5.9321218,-16.502151,4
-29.173641,25.720219,4
-1.584773,-13.5274,4
28.211975,60.90244,0
-18.44363,-31.965336,4
-0.24801382,-38.17916,4
46.189312,0.80244344,0
-42.915894,22.668571,4
-29.281603,30.265415,4
-23.908472,-19.081926,4
-29.756609,-15.701296,4
-45.999935,-5.057694,4
-31.650024,-3.37011,4
-32.094845,26.879725,4
67.73173,-0.45375204,1
58.1891,2.154341,1
9.725533,-4.163844,3
-36.96167,31.301157,4
-26.771795,10.976923,4
0.53683496,5.746243,3
-5.788874,-13.66825,4
-22.404062,-32.070152,4
7.6631017,-26.616901,2
-24.950012,-27.941996,4
-7.850427,3.5527127,4
-22.389446,11.064364,4
-34.844524,30.251366,4
11.271573,12.601907,0
-7.8141932,13.145545,4
68.84962,-7.166769,1
-41.39142,-17.991234,4
5.388501,29.68779,4
-21.227905,-2.8485696,4
9.521619,-2.4452689,3
46.189312,0.80244344,1
3.532916,-29.394138,4
-0.31410617,33.69302,4
3.018478,22.428246,4
-42.478363,-25.19081,4
-7.3236513,-25.402151,4
-32.50603,-41.018314,4
28.211975,60.90244,3
-6.0125694,-26.28851,4
-9.030106,1.8446674,4
-7.8752193,-13.423826,4
-41.8797,6.711915,4
46.189312,0.80244344,1
3.3092623,-0.1880896,4
-5.8329287,-17.720762,4
63.89532,17.154308,3
-21.234884,-27.01567,4
-29.513891,-35.76234,4
46.189312,0.80244344,1
-5.0303273,30.096025,4
7.5471525,-29.089233,4
-22.160744,-36.022633,4
-24.323086,9.122467,4
-24.552082,-24.21727,4
64.1595,-0.53180605,1
-40.729347,32.83238,4
46.189312,0.80244344,1
46.189312,0.80244344,1
9.457965,9.265926,0
56.653934,-6.539484,1
24.280699,61.670612,4
46.189312,0.80244344,1
-42.393845,22.567116,4
-39.850513,-4.0184484,4
-23.590017,-34.038677,4
-38.55016,-5.85922,4
-28.11015,7.6111865,4
-38.707672,17.932707,4
-22.055513,-23.500471,4
71.122025,-1.2928241,1
66.34048,-1.7813667,1
-32.140553,26.222834,4
-1.6495185,-33.123554,4
65.92247,8.525117,1
46.189312,0.80244344,1
-22.753681,-7.7365003,4
9.257788,8.906608,0
-18.966639,-28.107985,4
-14.95763,-25.48777,4
-22.833616,9.549767,4
1.2206522,12.246279,4
-26.865568,-18.777328,4
9.664479,-2.8209636,3
-25.478704,-33.46492,4
46.189312,0.80244344,1
63.9739,19.169558,1
7.3995366,-21.321823,4
-7.942094,-13.13666,4
-14.335612,-11.715821,4
-37.467808,30.120314,4
46.189312,0.80244344,1
-10.06356,-11.0760765,4
-8.485638,-12.575476,4
46.189312,0.80244344,0
-3.0892177,7.2591815,4
-26.04309,-41.70778,4
-39.35198,-5.219582,4
-28.244541,16.879305,4
-41.059685,-0.20131537,4
-7.108407,6.335334,4
-35.293518,-0.46917623,4
46.189312,0.80244344,1
69.268684,-1.894035,0
-19.61047,-8.022589,4
-37.4474,-3.4623086,4
-27.412682,-21.780888,4
-12.381105,-13.971714,4
65.97292,9.391711,1
-46.14381,-6.2849183,4
-8.122134,12.455541,4
46.189312,0.80244344,0
46.189312,0.80244344,1
24.280699,61.670612,4
46.189312,0.80244344,1
69.43976,4.673159,1
9.930475,11.053916,0
-27.259935,32.7269,4
-19.463264,39.496883,4
46.189312,0.80244344,1
-38.38077,0.9989012,4
-35.266293,-6.733508,4
46.189312,0.80244344,1
0.23609516,-31.67533,4
-27.788734,1.6677327,4
-20.574188,40.261803,4
-35.372562,1.5444217,4
-0.3080674,-11.350933,4
46.189312,0.80244344,1
-32.272427,22.230888,4
46.189312,0.80244344,1
-15.60321,20.220566,4
49.7744,14.485226,1
5.5241957,-22.614878,3
-38.119366,-22.295849,4
-5.005439,-18.284462,4
-15.620094,-25.801924,4
-45.69931,-5.2418485,4
-39.280193,-8.214819,4
46.189312,0.80244344,3
1.5144757,-29.476057,4
46.189312,0.80244344,1
1.9070463,-35.75762,4
-30.31011,2.5881307,4
6.785367,-23.242155,3
-16.520853,-6.598436,4
46.189312,0.80244344,1
-29.906,23.37687,4
-29.051273,-37.72128,4
-38.90622,10.820448,4
-29.051245,-37.721256,4
-27.839197,-33.206177,4
-13.109483,4.756145,4
-34.98628,26.055372,4
3.052185,15.838213,4
46.189312,0.80244344,1
46.189312,0.80244344,1
-0.5506066,-30.704367,4
-29.470612,-37.371407,4
-11.082525,-8.026883,4
-31.975397,27.90775,4
-11.65631,33.543407,4
1.082209,27.928959,4
5.3950105,-1.6433622,4
46.189312,0.80244344,1
24.280699,61.670612,4
46.189312,0.80244344,1
46.189312,0.80244344,1
-33.74957,-27.790564,4
-34.946926,-2.4799583,4
3.9584262,-24.93778,3
-23.22905,-38.60555,4
68.77527,-6.05659,1
0.80397606,-39.47268,3
-27.832087,-24.164228,4
46.189312,0.80244344,1
46.189312,0.80244344,1
46.189312,0.80244344,1
-0.13231535,-15.279733,4
46.189312,0.80244344,1
-16.47379,32.166595,4
-0.00570412,28.334002,4
69.45988,-3.6978683,3
63.9739,19.169558,3
46.189312,0.80244344,3
-2.9130878,-42.70752,4
-3.6103923,21.606354,4
46.189312,0.80244344,1
-1.130996,26.831114,4
5.6915355,-39.361553,4
-6.269273,-5.1488667,4
62.76854,1.5735701,1
6.561014,-17.939463,4
-43.525455,-3.0351064,4
2.4352493,28.985659,4
1.0417072,28.027973,4
46.189312,0.80244344,1
46.189312,0.80244344,1
-40.266815,-5.3392406,4
-30.884005,1.715487,4
-10.253932,5.6506166,4
56.58019,0.13526906,1
-29.783913,-12.306116,4
46.189312,0.80244344,3
46.189312,0.80244344,3
-41.88647,1.9120654,4
-0.09630278,29.784971,4
-24.778326,-24.428106,4
46.189312,0.80244344,1
-31.746466,23.640915,4
-2.9540417,-7.113987,4
-23.824047,-30.030333,4
-29.124859,-28.17893,4
-26.102045,-32.41796,4
-33.224754,24.901594,4
-2.1975274,-15.064108,4
-27.686573,15.634134,4
-32.749187,21.90075,4
-3.7753532,3.9172976,4
46.189312,0.80244344,1
-1.653096,26.011013,4
46.189312,0.80244344,1
-30.660652,-40.276455,4
-17.216738,32.434406,4
-26.559326,-24.570963,4
4.7269516,-22.233587,3
-24.067835,7.603502,4
0.16688903,34.130615,4
4.068143,27.699064,4
0.77479136,8.566437,4
66.641716,6.3942966,1
28.211975,60.90244,3
46.189312,0.80244344,1
-29.89772,3.406128,4
-9.889871,-43.12889,4
0.689983,-35.364532,4
46.189312,0.80244344,1
46.189312,0.80244344,1
46.189312,0.80244344,1
-2.067296,26.906807,4
65.63928,-4.7972374,1
46.189312,0.80244344,1
8.806431,-25.986736,4
-1.8064101,18.464203,4
46.189312,0.80244344,4
-22.969872,15.225622,4
-19.772684,21.943155,4
24.280699,61.670612,4
66.26231,0.9897229,1
-5.7413044,4.1163917,4
12.5996895,-17.430904,0
-15.453918,-17.88756,4
1.8844581,-32.06071,4
-26.118393,-38.47379,4
46.189312,0.80244344,1
-5.787492,-35.538788,4
0.6080726,5.750004,3
-24.573439,17.640223,4
-36.17134,18.91147,4
-3.5270875,27.100283,3
-28.479664,-24.718102,4
-23.47237,-38.29117,4
-25.61759,-9.896694,4
-45.260586,-5.32245,4
-45.054214,-4.659443,4
56.65302,12.029236,1
-23.59784,-28.48078,4
-12.774179,-6.0004225,4
-42.45788,-25.220999,4
-0.5793796,-16.526068,4
-33.65771,-36.78325,4
-38.203518,-13.413681,4
-42.511517,-25.14112,4
-18.998312,-28.860844,4
46.189312,0.80244344,1
-36.49755,20.77631,4
-27.498861,-26.712498,4
-31.277708,6.490988,4
-33.145256,23.196833,4
4.82875,-30.469358,4
-33.74957,-27.790564,4
46.189312,0.80244344,1
-28.937302,-8.65801,4
-29.1475,6.6749964,4
46.189312,0.80244344,1
-0.05009844,33.91185,4
-2.6043208,6.2116256,4
-4.833372,12.837828,4
-14.001894,5.617463,4
-22.996157,15.221999,4
-45.076466,-1.2504188,4
-17.803122,-3.250935,4
-27.14189,-22.422903,4
46.189312,0.80244344,1
-37.69252,28.343893,4
46.189312,0.80244344,0
-0.34759408,-17.60285,4
3.3072922,-30.381542,4
-25.864254,0.9619931,4
-16.128157,29.565798,4
59.738018,-0.1416278,1
-26.495598,-25.500639,4
2.0459547,26.741938,4
0.39615044,-36.901787,4
60.87223,10.545432,1
9.17082,-3.2897556,3
10.614527,2.774516,4
46.189312,0.80244344,1
-26.963158,-20.55515,4
3.933803,-23.757282,0
-7.3465614,-13.339707,4
-19.603884,40.993935,4
-17.621027,2.6952062,4
-26.066984,-41.687042,4
-42.393845,22.567116,4
3.2565918,-0.575224,4
46.189312,0.80244344,1
-35.89098,-2.3838973,4
-21.25626,-36.740166,4
-38.43828,-3.4373136,4
11.815208,-28.324753,4
46.189312,0.80244344,1
-35.543327,24.421387,4
5.0007434,15.072637,4
0.3529881,18.642342,4
-46.238228,-3.2701528,4
46.189312,0.80244344,1
-23.63544,-27.455986,4
-30.46049,-27.504612,4
63.137657,19.030048,1
7.926862,-4.990172,3
-20.325478,-23.912846,4
-2.8704333,-26.130642,4
67.346756,-2.5904462,1
8.916974,13.951575,4
-21.311895,5.6173143,4
-32.26914,4.4781666,4
-27.209034,32.791954,4
-4.513317,-13.882221,4
66.96898,-4.3992496,1
-5.49672,21.359888,4
-34.3495,24.862968,4
-36.924328,-3.581363,4
2.7055821,-32.81388,4
-13.331157,32.749844,4
-40.685417,27.118284,4
46.189312,0.80244344,1
-9.634935,25.547968,4
-36.573757,25.83551,4
-29.457539,-30.354908,4
-2.4870365,-13.804557,4
3.1958332,24.443789,4
46.189312,0.80244344,1
-19.40308,39.66998,4
46.189312,0.80244344,1
0.7232862,-28.3481,4
-15.519822,-25.92598,4
59.099255,4.8665695,1
-13.677048,0.35305378,4
-33.550133,-7.077669,4
-34.233418,25.504124,4
-17.545145,1.2279985,4
-40.730465,32.83337,4
61.885452,10.494454,1
46.189312,0.80244344,1
46.189312,0.80244344,1
46.189312,0.80244344,1
-31.64046,-1.4805387,4
64.57462,-7.4104958,1
-25.34364,27.44798,4
-14.562671,-6.6808276,4
46.189312,0.80244344,1
-18.564587,7.312998,4
-17.151556,-19.063145,4
-26.57991,6.814769,4
0.2510219,5.661642,3
-28.107029,9.69956,4
-41.1742,-6.8474064,4
-8.93395,8.1840515,4
46.189312,0.80244344,3
-0.8963503,18.63123,4
62.76854,1.5735701,1
46.189312,0.80244344,1
71.09067,-7.7425733,3
1.7212458,-14.647423,4
-2.9658437,9.454578,4
-34.193092,-1.2057158,4
62.149967,18.458874,1
-26.241087,-36.001945,4
-13.173602,-10.226584,4
-36.724476,-1.509823,4
46.189312,0.80244344,1
-40.061604,-2.1489317,4
-1.0726676,14.776173,4
-5.8144727,-17.729094,4
-18.025719,-5.9891224,4
64.18339,18.315355,1
-9.559887,34.804962,3
-33.017216,-10.122999,4
-24.81663,-21.769257,4
-13.595035,-33.58198,4
-33.79738,7.555955,4
-8.348966,-10.611206,4
6.5583806,24.541698,4
-0.8561905,-22.693052,4
-4.0446024,4.830555,4
46.189312,0.80244344,1
-36.164,-6.139347,4
-16.813826,3.4944801,4
7.0160623,-14.793817,4
46.189312,0.80244344,1
-27.61808,-25.781256,4
-2.826366,1.0466352,4
0.9920344,-29.244045,4
59.602154,7.6671486,1
-28.002087,-39.93274,4
-31.779633,0.5325973,4
4.2551723,-33.250618,4
-3.5207722,8.075625,4
-43.956615,3.233004,4
46.189312,0.80244344,1
0.5142933,-35.070484,4
-6.105179,12.76449,4
61.083527,3.1724265,1
-17.249277,6.903934,4
62.739017,14.5622635,1
-10.466525,-42.88129,4
-5.6336093,-6.8618727,4
1.9682442,16.54219,4
-20.250303,21.596298,4
-12.5729265,14.974104,4
-28.546783,23.4238,4
-24.745949,17.458942,4
4.0958686,-26.82458,4
4.557347,-25.638016,4
9.093944,-6.099073,3
-17.795105,-24.016556,4
-16.8884,3.148872,4
-24.968382,-34.694717,4
4.1287594,-29.267174,4
-34.47007,-2.9678137,4
46.189312,0.80244344,1
52.38482,-8.360657,1
46.189312,0.80244344,1
-12.642989,7.046527,4
-17.826387,-6.4767685,4
-31.341393,-38.03693,4
-46.09476,-5.139302,4
62.324013,-6.679559,1
-29.425318,6.5292873,4
-23.17327,-3.5017989,4
46.189312,0.80244344,1
0.83833027,-39.404587,3
-33.017956,18.93994,4
3.138808,-21.618078,3
-33.754177,-5.126223,4
-30.975233,-40.559982,4
-12.005267,-4.937005,4
-19.647007,-26.288742,4
46.189312,0.80244344,1
-13.380103,-41.401062,4
-9.1343975,3.3855479,4
-29.12835,-30.549898,4
-25.709812,-24.183584,4
8.808216,-3.7646964,3
-33.797504,-36.64101,4
-44.50389,-2.845313,4
46.189312,0.80244344,1
-40.68883,27.370344,4
71.14005,-7.5962305,1
-36.601944,30.720062,4
46.189312,0.80244344,1
60.39335,6.865786,1
1.2389133,-33.74707,4
-12.441897,31.587414,4
-2.6328938,-7.177259,4
-7.1683817,-9.293072,4
46.189312,0.80244344,1
3.8664842,-19.652334,3
63.189484,-2.5521312,1
46.189312,0.80244344,1
9.567773,-3.6852028,3
46.189312,0.80244344,1
-14.669021,26.174295,4
3.9532058,-17.806358,3
-29.360916,7.994682,4
46.189312,0.80244344,1
46.189312,0.80244344,1
10.303205,-17.41978,3
-31.283539,22.048117,4
-0.34545133,33.918293,4
46.189312,0.80244344,1
46.189312,0.80244344,1
-6.480674,30.114027,4
-8.362024,-17.134365,4
-9.3474245,34.675697,4
-42.491035,17.959198,4
46.189312,0.80244344,1
-1.0864054,29.866148,4
46.189312,0.80244344,4
46.189312,0.80244344,1
3.3187332,-4.988352,4
-23.961391,-23.464973,4
64.36163,18.522089,1
-10.083794,-31.543762,4
46.189312,0.80244344,1
9.614392,-3.682243,3
-25.403353,27.521849,4
24.280699,61.670612,4
-3.5821426,14.696579,4
-0.7103354,22.279749,4
-42.756084,-1.0390561,4
-1.8564749,-8.611678,4
-23.344643,6.0207953,4
-20.54627,21.410933,4
-34.380512,-8.144161,4
56.47386,-6.9705715,1
-41.883644,6.725842,4
-6.3233113,-10.284799,4
-10.420812,-10.419373,4
-1.7768655,29.7054,2
64.97209,8.230858,1
-27.865536,-35.553093,4
62.724957,5.594017,1
-10.312704,-10.152251,4
-15.130759,25.405418,4
-20.493044,-29.131235,4
10.7608,-14.949812,0
-14.856265,-43.423096,4
-8.87288,17.389843,4
-18.347094,2.0304785,4
46.189312,0.80244344,1
46.189312,0.80244344,1
-45.584946,-3.0280252,4
-15.506202,-27.815338,4
1.1068218,30.304926,4
-13.603786,-33.5856,4
59.416462,-9.39455,1
-27.678257,-36.378204,4
-0.5525651,35.602295,4
-29.09855,-21.076004,4
2.482806,-32.384148,4
64.51328,-6.5883207,1
46.189312,0.80244344,1
-8.046793,-14.105996,4
-25.386997,-15.329257,4
9.2484,12.77329,4
-17.354023,32.465076,4
71.0261,-4.7777886,1
-20.759825,7.3499036,4
4.2810717,-22.153297,3
-21.326517,3.500521,4
3.0715387,-23.052351,3
-38.87138,-0.4590452,4
4.6266584,-25.846893,4
46.189312,0.80244344,1
-7.496871,-47.04968,4
46.189312,0.80244344,1
-30.5863,-32.815792,4
4.375857,29.276226,4
12.88407,15.47262,4
4.940359,15.137109,4
-2.7011647,7.4618735,4
4.923998,-29.218208,4
5.980114,15.999099,4
5.046686,-7.9096866,4
-1.8954268,11.742909,4
-12.662839,5.326392,4
5.899211,-16.652363,4
2.4615076,-11.767137,4
-37.25542,2.3479295,4
3.767765,0.7477016,4
-39.01408,-3.3119261,4
-3.9259892,25.86011,3
-3.9444778,-20.719124,4
-5.5982404,4.467805,4
-34.63393,18.929588,4
10.163309,10.527377,0
-22.703016,-11.963065,4
6.0449986,-8.2025175,4
46.189312,0.80244344,1
-46.11416,1.2951516,4
